<?xml version="1.0" encoding="ISO-8859-1"?>

<!--
 COPDemoSystem/configuration/IOSConfig.xml - AUTO GENERATED
 Generated with the Modeling Tools for FACE Software Development (MTF) - Vanderbilt University
 
 DISTRIBUTION STATEMENT A. Approved for public release; distribution is unlimited.
 
 Product produced under DoD SENSIAC contract HC104705D4000 under the sponsorship of the Defense
 Technical Information Center, ATTN: DTIC-AI, 8723 John J. Kingman Rd., Ste 0944, Fort Belvoir, VA
 22060-6218.  SENSIAC is a DoD Information Analysis Center Sponsored by the Defense Technical
 Information Center.
 
 HANDLING AND DESTRUCTION NOTICE - Comply with distribution statement and destroy by any method that
 will prevent disclosure of the contents or reconstruction of the document.
 Insert project specific header here.
-->

<IOSLConfig xmlns="http://www.example.org/IOServLibSchema" xmlns:xsi="http://www.w3.org/2001/XMLSchema-instance">
	<Connection_Conf>
		<ConnectionName>IO_name</ConnectionName>
		<ConnectionType>QueuingPort</ConnectionType>
		<ConnectionDirection>Destination</ConnectionDirection>
		<CreateConnection>false</CreateConnection>
		<PortName></PortName>
		<MessageSize>0</MessageSize>
		<MessageRange>0</MessageRange>
		<RefreshPeriod>0</RefreshPeriod>
		<Reliability>Reliable</Reliability>
		<ReadWriteBehavior>Queuing</ReadWriteBehavior>
		<QueueDiscipline>PRIORITY</QueueDiscipline>
		<ConnectionDomain></ConnectionDomain>
		<SocketType>Stream</SocketType>
		<ReceiveFlag>0</ReceiveFlag>
		<SendFlag>0</SendFlag>
		<SourceAddress></SourceAddress>
		<DestinationAddress></DestinationAddress>
		<SourcePort>0</SourcePort>
		<DestinationPort>0</DestinationPort>
		<IOType>SERIAL</IOType>
		<SerialIO>
			<ChannelNumber>/dev/ttys0</ChannelNumber>
			<Mode>IO_type</Mode>
			<BaudRate>0</BaudRate>
			<DataBits>0</DataBits>
			<StopBits>0</StopBits>
			<Parity>None</Parity>
		</SerialIO>
	</Connection_Conf>
	<Connection_Conf>
		<ConnectionName>mgap_display_message</ConnectionName>
		<ConnectionType>QueuingPort</ConnectionType>
		<ConnectionDirection>Source</ConnectionDirection>
		<CreateConnection>false</CreateConnection>
		<PortName></PortName>
		<MessageSize>0</MessageSize>
		<MessageRange>0</MessageRange>
		<RefreshPeriod>0</RefreshPeriod>
		<Reliability>Reliable</Reliability>
		<ReadWriteBehavior>Queuing</ReadWriteBehavior>
		<QueueDiscipline>PRIORITY</QueueDiscipline>
		<ConnectionDomain></ConnectionDomain>
		<SocketType>Stream</SocketType>
		<ReceiveFlag>0</ReceiveFlag>
		<SendFlag>0</SendFlag>
		<SourceAddress></SourceAddress>
		<DestinationAddress></DestinationAddress>
		<SourcePort>0</SourcePort>
		<DestinationPort>0</DestinationPort>
		<IOType>SERIAL</IOType>
		<SerialIO>
			<ChannelNumber>/dev/ttys0</ChannelNumber>
			<Mode>RS-232</Mode>
			<BaudRate>0</BaudRate>
			<DataBits>0</DataBits>
			<StopBits>0</StopBits>
			<Parity>None</Parity>
		</SerialIO>
	</Connection_Conf>
</IOSLConfig>
